iteration,timestamp,avg_fitness,general_MAX_CLUSTER_DISTANCE,general_MAX_CLUSTER_JOIN_DISTANCE,populationSize,generations,newChromosomes,eliminator_type,eliminator_elitism,eliminator_survivalRate,eliminator_p,mutator_comp_p,mutator_child1_numMutations,mutator_child1_p,mutator_child1_weight,mutator_child2_numMutations,mutator_child2_p,mutator_child2_weight,crossover_comp_p,crossover_child1_geoP,crossover_child1_crossoverProb,crossover_child1_weight,crossover_child2_geoP,crossover_child2_crossoverProb,crossover_child2_weight,crossover_child3_p,crossover_child3_weight,crossover_child4_k,crossover_child4_p,crossover_child4_weight,crossover_child5_k,crossover_child5_p,crossover_child5_weight,selection_type,selection_tournamentSize,48xxx_random_constraints.job_fitness,51000_rijeka_random_constraints.job_fitness
1,2026-06-17T15:24:09.817278,64.62484759617125,5.511143547386452,15.099063377191852,5000,2000,20,EliteEliminator,8,0.38277690538568926,0.3587938143810303,0.9999964779158835,6,0.20146705471668053,0.2602755265564576,14,0.16231298330980526,0.7001460073129375,0.9999968274725288,0.6403910531204815,0.13484574634011423,0.9862954477066733,0.4201574472549734,0.10383099686127095,0.8603729607152474,0.6674004037387361,0.3237938663747991,6,0.31919639902675745,0.6152761998623506,5,0.5256307674929993,0.3506271464230193,TournamentSelection,3,101.56804626044445,27.68164893189805
2,2026-06-17T15:34:18.902397,59.756476754647665,10.21127191108613,17.89967499285552,200,8000,26,EliteEliminator,4,0.20911432893278814,0.6403697365972947,0.9999995348015019,7,0.8938351998898695,0.790111680345327,11,0.5858567863797266,0.22692499095127694,0.9999904781792527,0.5736585776427878,0.7944412229441603,0.37714378841882934,0.27006944579868986,0.6131310651631706,0.32173220719230056,0.4805718542499038,0.5656718679388527,4,0.6717204617743249,0.2523489395998361,3,0.5678403494509777,0.5458443287110417,TournamentSelection,2,94.17873019231396,25.334223316981365
3,2026-06-17T15:35:04.985979,60.450160621920176,5.8931576353126705,18.537005390048787,50,2000,6,EliteEliminator,4,0.38819863910322344,0.5737393595787311,0.9999997320697769,7,0.4051785863131532,0.27806984149874175,13,0.45627712334627846,0.4250263775694312,0.9999999690492897,0.2610526384494614,0.8015006132745892,0.8836657124577756,0.14514248043779615,0.3980183849661446,0.8742287035187549,0.6268258296855754,0.8654163409969398,4,0.6765259873982941,0.7276637911336395,6,0.5651256106244934,0.5383431212653706,TournamentSelection,4,94.56833243431171,26.331988809528635
6,2026-06-17T16:07:27.943578,61.12487961364361,9.074308197841253,18.908655276849892,50,500,24,EliteEliminator,10,0.290644322054511,0.7674913465711214,0.9999955742720364,6,0.5516802985129322,0.12011945867388199,12,0.8745393391925862,0.33422561722931954,0.9999964700626063,0.7605738793541008,0.6440278524245987,0.5291375184141912,0.10334874964904146,0.882132828374298,0.6443231517548647,0.7816162584157329,0.8881663373367715,7,0.3645408891762971,0.41439124277404527,7,0.8261648866472158,0.11028353305285019,TournamentSelection,5,96.3394889106052,25.910270316682013
7,2026-06-17T16:15:22.501249,62.83738133141201,7.787872943525479,15.956558818901886,200,8000,18,EliteGeometricEliminator,13,0.23993716367781381,0.723800112478485,0.9999963429957115,9,0.626282205837622,0.6505701831850911,10,0.47481245138496375,0.833689426960478,0.9999932736667017,0.3766523136411125,0.5391330249093637,0.8907001376072333,0.7638091312110356,0.11166362212980126,0.2024210522169703,0.7636009411040695,0.11712258268261223,2,0.6863994767123602,0.3960450633305125,7,0.24786391645754846,0.8070920507530881,TournamentSelection,3,99.38906220342652,26.285700459397507
8,2026-06-17T16:38:55.889106,60.791646385137554,6.977433744593438,18.560166075871695,500,8000,10,EliteEliminator,12,0.06161048827408449,0.427870152336965,0.9999982594595644,4,0.5582051400987669,0.7213005640127927,6,0.3195931918414323,0.6017908053414212,0.9999984903454179,0.12661401427084368,0.5047044395100229,0.7292072326588203,0.7301181980787079,0.43565533798055944,0.5208905910171395,0.31003549114185047,0.316699042404595,7,0.8927248350248663,0.4250380036437704,6,0.20071927324215103,0.449308801040222,TournamentSelection,2,94.47291449744976,27.110378272825344
11,2026-06-17T17:52:04.387687,62.33411020560706,1.0,20.0,50,2000,15,EliteEliminator,7,0.48879049439781264,0.1,1.0,5,0.1,0.1,20,0.1,1.0,1.0,0.6600564604020679,0.16844812855639552,1.0,0.16697392547965711,0.1,1.0,0.9,0.7531886476825138,8,0.1,1.0,8,0.3791694951427569,0.1,TournamentSelection,4,97.78523828440031,26.88298212681381
12,2026-06-17T18:37:23.283915,61.1737774504133,4.2652388724453765,13.012519484316897,5000,2000,21,EliteEliminator,9,0.4259847584148093,0.31765966690355013,0.9999971374212341,5,0.15583228420437006,0.15840756441007248,15,0.10114275771204542,0.7418163650182522,0.9999971386918733,0.7273413913953485,0.1,0.9717749943933913,0.33050927015981924,0.10003219181535578,0.9382296580881657,0.5768941147178522,0.4739536623026164,7,0.17299866901292543,0.6736288138825605,5,0.5578452129124913,0.3302773509597722,TournamentSelection,3,96.736867475543,25.610687425283608
13,2026-06-17T18:37:40.750684,59.833513057451405,2.849281506547043,6.538002476943545,50,500,12,EliteEliminator,14,0.2899365716733655,0.2035533955846388,0.9999976175727343,5,0.6597482581433863,0.297538154943659,17,0.3202440193642969,0.9818815601330633,0.9999956493123158,0.31425291876189165,0.1499080772503516,0.5947789202288712,0.4501549651534241,0.18123086429147636,0.7183197515974188,0.6700267113884769,0.9738148997104483,6,0.3243867881681966,0.58717207366466,7,0.7862969761633066,0.32319794711243033,TournamentSelection,3,94.14381321680938,25.523212898093433
14,2026-06-17T19:25:53.827593,63.29043694583686,5.132951537972216,15.39703524973818,5000,2000,18,EliteEliminator,8,0.3667867516178196,0.3593004597356314,0.999996570780468,6,0.24252600123231585,0.31372747002446977,14,0.2014847274933771,0.657300551941505,0.9999962934231472,0.6046540735121361,0.19665380732229804,0.9646397399723312,0.4490922211111784,0.10610710558824257,0.8469633483071685,0.6832951677040027,0.142726791380956,6,0.32619295764202094,0.6362972702887248,5,0.5440984666312129,0.398528903899515,TournamentSelection,3,100.28635933247439,26.294514559199325
15,2026-06-17T20:18:54.502482,60.37802246985031,6.700340975330225,16.634790735744538,5000,2000,19,EliteEliminator,12,0.09582146164587899,0.375926837335126,0.9999923317546101,5,0.22369911268621817,0.48279457624280175,10,0.6403858266816905,0.8943891786746921,0.9999997994444116,0.3881842026068063,0.4804598764777347,0.3793825015089086,0.1860984458654895,0.5315345532069403,0.8986532328959708,0.2501201612499869,0.49866231040970066,5,0.3750673642296296,0.6800495048780054,7,0.6137239012461569,0.2679875264982382,TournamentSelection,2,94.89470484783003,25.86134009187058
16,2026-06-17T21:11:21.907755,61.489055224498735,11.946308680797628,15.029909613829156,5000,2000,24,EliteEliminator,8,0.38686819538779615,0.7130566817790189,0.999997058801635,6,0.43016489859267804,0.247443435947353,18,0.36998031980312873,0.7507035691498096,0.9999968950706771,0.2061684188246135,0.1709383888507164,0.9920707213829025,0.30832537098749413,0.28326215316329273,0.8627153147890009,0.5940015065453258,0.21089033096411042,6,0.4350855583489549,0.6055341510893018,2,0.44333732106422086,0.3164479428741688,TournamentSelection,3,96.67494246227017,26.303167986727303
17,2026-06-17T22:04:32.318380,63.53102521237133,2.7571607932810767,17.326782671954028,5000,2000,15,EliteEliminator,1,0.3773720842433521,0.35299378846084983,0.9999901482652843,3,0.4059975077167831,0.1888848869683219,12,0.23941578521876006,0.7037073278387835,0.9999922855505251,0.33647629852385624,0.3400320826176721,0.21624559110144842,0.5133831232752564,0.8288847973582685,0.4466948551663785,0.6683397361539064,0.9131708211427161,6,0.18207051337736613,0.3650085392029231,5,0.3959584816727906,0.3458057622826981,TournamentSelection,4,100.29583675378734,26.76621367095532
18,2026-06-17T22:48:25.766331,64.95255313455743,1.1802647479301196,4.937178540111106,5000,2000,27,EliteEliminator,15,0.2268264525260963,0.28403563123510317,0.9999978127342437,4,0.26447658093448845,0.6207982636082618,19,0.6740231657820309,0.7200899312424668,0.9999970086277137,0.5624507372256092,0.15952812828839208,0.25067348095995856,0.40835401458394005,0.34133915404376186,0.5412286718433053,0.6664419188008998,0.3050065746449324,4,0.5606959198329963,0.7251650823949479,5,0.1544357072707161,0.3444545488167242,TournamentSelection,5,101.75850983060113,28.14659643851373
19,2026-06-17T23:28:13.903257,59.87627421540365,5.153230135250017,4.7153064085489795,5000,2000,26,EliteEliminator,17,0.31340388017432963,0.5137614250604177,0.9999930493533103,9,0.4413910618349224,0.9299103869290555,12,0.7653605988600541,0.7628420285191768,0.9999954747524905,0.7644697166340607,0.4537958672091834,0.9672288854865336,0.36104899403093915,0.8529600684747389,0.3837493777252301,0.6667119990317077,0.446800323166307,7,0.5988955563257242,0.39852274462605797,2,0.5132749727202526,0.8860541350681822,TournamentSelection,2,93.01052198532406,26.74202644548323
21,2026-06-17T23:54:51.298442,61.02687249150008,5.148223686028948,15.855253535300456,5000,500,1,EliteEliminator,2,0.19175227910117099,0.8465698800655498,1.0,8,0.5962457118347344,0.6460854687978783,7,0.1,0.7644941470211025,0.9999997567189445,0.8,0.6477788394862406,1.0,0.15424708952846003,0.1,0.9563314906407656,0.6588018179058434,0.328544768142382,3,0.3331390646961501,0.9157724213223882,5,0.5263484600419887,0.35222485148463856,TournamentSelection,4,97.83404025428506,24.219704728715104
23,2026-06-18T01:43:51.091962,62.252151057401235,4.332788817576938,16.017700082082683,5000,2000,28,EliteEliminator,19,0.11533289624910871,0.6000800055793959,0.9999945629062488,1,0.4755801524188077,0.8166003245665534,11,0.27245633773040034,0.7619984468690431,0.999998164429536,0.32024467338955553,0.44028048047504387,0.5514983852242139,0.3589673291242864,0.6746908939006342,0.3844796542732343,0.6621982322566927,0.8337186470719462,8,0.5080506951160727,0.6872608359908331,5,0.45498551836392775,0.3008258461591239,TournamentSelection,2,98.9788548149138,25.52544729988866
25,2026-06-18T10:39:19.455874+00:00,65.23590564559817,2.111881053635251,19.80105469084174,500,2000,3,EliteGeometricEliminator,2,0.3945004281198486,0.1,0.9999988405639745,6,0.5955048504863507,0.7638733220583696,18,0.7343281387087454,0.18399505723453102,0.9999955372437318,0.4393425859878647,0.1,0.7211825303328981,0.7036067807494958,0.39514726521380594,0.7985268130558651,0.6576450217993839,0.17675413139666352,2,0.526312367607801,0.249559785239032,5,0.8215871645508961,0.11838270432772137,TournamentSelection,3,103.31675716191461,27.155054129281726
27,2026-06-18T15:04:41.562956+00:00,61.85317032208088,6.377220443233114,18.263674190030983,5000,2000,18,EliteGeometricEliminator,14,0.462399343576806,0.1,0.9999999342039829,4,0.4100935042057662,0.9019550395418147,18,0.5781838304699412,0.48145849052039824,0.99999493075302,0.7153785697666605,0.1,0.2565607594051879,0.16356897393606182,0.8712784727606141,0.5682108863430816,0.6597158516523771,0.11339347224417108,5,0.8492139607610214,0.35918009170927934,5,0.24256880271916692,0.24907833314575423,TournamentSelection,5,97.75817006393972,25.948170580222037
28,2026-06-18T17:33:58.834131+00:00,65.46358885714136,1.8741291238861244,8.856842515066631,5000,2000,24,EliteGeometricEliminator,4,0.34966124568019885,0.5181972928465602,0.999999466104014,5,0.4143369906939681,0.7258152299624531,7,0.6690474728469108,0.7424237187306523,0.9999950605664633,0.2544399086213826,0.10326215539120909,0.7615351732194421,0.24215251597378748,0.33586146651967064,0.49690932375483676,0.6588526992222683,0.6778206853604871,2,0.33284213310396354,0.37902441228321204,5,0.5669449008524887,0.1591936146129169,TournamentSelection,5,104.68036674263155,26.24681097165117
29,2026-06-18T17:46:52.034403+00:00,63.82867166359153,9.844035866071295,13.91078847105098,1000,2000,23,EliteEliminator,3,0.1901884824231696,0.2911083075080193,0.9999922032361153,6,0.695779132113725,0.1496318738389514,16,0.5961620198396766,0.6093226098603853,0.9999999743398691,0.7677169774804228,0.10888845612962421,0.6223777666880069,0.7838129964801114,0.26097263378668023,0.5698849362492924,0.6523470203375756,0.4453528584756723,6,0.18038363918767447,0.3168403362622275,5,0.7453050704512076,0.4137578563650324,TournamentSelection,5,100.20230163765237,27.45504168953069
30,2026-06-18T18:01:58.503946+00:00,63.091814871915005,1.5126886577228629,17.2914948905246,1000,2000,13,EliteEliminator,17,0.35595912486672804,0.7667982013641775,0.9999922356693374,3,0.8924230294868456,0.6591860645205783,8,0.37981504854828796,0.5179341095434282,0.9999948302608761,0.4381347008884635,0.6524785674364766,0.8274377744090161,0.2979975477658832,0.3049793539932719,0.5632830937899884,0.6590292984308485,0.15152864669966282,3,0.20819827445127906,0.8385757795024406,5,0.8683294096833819,0.14873108580340982,TournamentSelection,3,99.32147567571373,26.86215406811628
31,2026-06-18T18:13:27.784787+00:00,65.2505585982611,1.0,15.549262528817732,1000,2000,20,EliteEliminator,12,0.20875718853011366,0.40622171979185484,0.9999989872338447,8,0.4773324036929386,0.5223356206517143,14,0.4619757438400093,0.80915684558097,0.9999936151397941,0.5950040479133544,0.1,0.9150952513827829,0.6719636627570681,0.2571794981823461,0.5251507768446416,0.6567752204678508,0.19165421459682985,3,0.8097463240487345,0.5524382092783848,5,0.7649151722493779,0.6884375502007763,TournamentSelection,4,103.68714828325102,26.813968913271157
32,2026-06-18T18:21:15.136000+00:00,59.89456453937811,2.643849047263738,13.127360483409067,1000,2000,3,EliteGeometricEliminator,17,0.3541426192480951,0.17539401019726353,0.9999984681080512,7,0.320204986984892,0.7524266050182428,20,0.3204355799216376,0.3486316556675143,0.99999254997049,0.6884131525851864,0.1,0.8640247723469971,0.7491626886743995,0.26649218317719203,0.11433671226718178,0.6604885177604778,0.8927533945658256,2,0.16910867977591534,0.5557241991720041,5,0.5063770055487707,0.9973877663500647,TournamentSelection,4,93.57739512852247,26.21173395023375
33,2026-06-18T20:55:39.366503+00:00,64.08098796023394,1.0025572471705553,12.268733422769355,5000,2000,4,EliteGeometricEliminator,1,0.34481092651251144,0.7033007023397756,0.9999989594678922,8,0.17614156326106575,0.9774364213955844,8,0.8164275218857264,0.3372941504759289,0.9999953353844732,0.4830104453888783,0.1,0.1982280816164415,0.30910918998599,0.24528396615121437,0.6205550401406034,0.6596931946792759,0.7735654378950325,5,0.14527310441209929,0.1791506793984995,5,0.7503113465242707,0.6500001786015773,TournamentSelection,2,102.02400710391,26.137968816557894
34,2026-06-18T21:43:06.405560+00:00,63.91047999561766,1.0,8.591815943288733,5000,2000,14,EliteEliminator,18,0.1929705865843226,0.7885700814551113,0.9999936971010581,8,0.30896253049751526,0.11269663269390165,8,0.5345067655441982,0.5554131493334874,0.9999916606872938,0.4254197725134927,0.1,0.49843922523445305,0.21406802776642792,0.13373263382597006,0.4856327106361735,0.6668192618548969,0.7101041621872463,3,0.5106950572048354,0.46954517493436554,5,0.44257852451095303,0.7927290307272555,TournamentSelection,4,101.19576311047727,26.62519688075806
35,2026-06-18T21:45:01.884526+00:00,62.54400282594625,8.70658164011654,18.49100021620829,200,2000,21,EliteGeometricEliminator,11,0.3262883712723576,0.15607519200969583,0.9999986128650986,3,0.4941694028153558,0.7749867283634543,14,0.6135874690306741,0.6045219494263453,0.9999906100468277,0.25955113724645357,0.15734258864529432,0.3220759633266401,0.6239032175803044,0.38601013832707953,0.5397831507123674,0.658105953550734,0.7727615663559885,2,0.3719006469508678,0.4688159823210828,5,0.4512203020100479,0.2158478702698594,TournamentSelection,4,98.34776291594508,26.740242735947415
36,2026-06-18T21:49:40.196295+00:00,62.924212605159454,1.0,3.956328275051872,200,5000,28,EliteGeometricEliminator,6,0.06552808827064624,0.7956916429853955,0.9999953825771632,4,0.6478681198580277,0.8318789726795061,8,0.5786641528145816,0.7789198002536875,0.9999906061260415,0.6531749165770634,0.34126156150029857,0.6386992736318647,0.7612929576548214,0.23676959537750394,0.5692903789724699,0.6601800029596615,0.6953704149881951,6,0.7403362573462239,0.5255049645817431,5,0.5306702569878557,0.7561204779140442,TournamentSelection,3,98.45901468999205,27.38941052032686
37,2026-06-18T21:57:26.176965+00:00,65.49911011378461,1.584522405108274,14.91310482389369,500,2000,19,EliteEliminator,4,0.08535888284958774,0.576414433903182,0.9999987889613859,3,0.8006868668959809,0.43646680149974504,18,0.49741180393543594,0.5217068856731202,0.9999922420202382,0.628724851097686,0.1,0.8041348600181679,0.5817223711183173,0.33977700808140465,0.5313360180150511,0.6562661552237552,0.9831997384683334,6,0.7655477154498277,0.747336989462919,5,0.7509926110241868,0.8409401532176951,TournamentSelection,5,104.05253474617983,26.945685481389397
38,2026-06-19T06:50:50.879058+00:00,65.22919325683264,1.0,2.9887946706469948,500,2000,10,EliteEliminator,1,0.4882794933635364,0.3255774049419305,0.9999911484208375,1,0.4289956675237533,0.8877568789770701,11,0.6279033710037489,0.21888481963228276,0.9999944466685722,0.6725897787001969,0.1,0.45043874801432804,0.7514707575621475,0.11372332877352427,0.6040803724432015,0.7276571561092088,0.741313496411997,5,0.28494881505770986,0.2515218103017212,6,0.4776835327272011,0.8720768135668836,TournamentSelection,6,103.12498824059094,27.33339827307435
39,2026-06-19T06:55:26.548610+00:00,63.01106597900307,1.0,9.69282159401734,500,2000,26,EliteEliminator,1,0.1967489822969532,0.1,0.9999907698346225,7,0.5984768017609222,0.6863345487179281,11,0.4259735575264917,0.7285834897138868,0.9999964764048638,0.35638565517061593,0.1,0.9159898812394552,0.3483594229540942,0.1,0.7163612963630859,0.8309724817191713,0.17744742915040024,3,0.49955766236407195,0.35718698505377944,4,0.2701616218416152,0.23824894642401237,TournamentSelection,3,99.21599386045874,26.806138097547407
40,2026-06-19T07:38:40.931653+00:00,61.95702577678851,1.0,9.479716234278907,5000,2000,27,EliteEliminator,1,0.14865491918492754,0.3827695271448215,0.9999964804656396,6,0.354253699738706,0.9315720438091047,9,0.3186454174995348,0.9600941799703938,0.9999968429348992,0.526997056466775,0.1,0.3379201128413053,0.34637544082256,0.21098188234935972,0.5807602698512081,0.6581400224255283,0.9481667249648164,8,0.5167764035011764,0.9575160670271845,6,0.7050932758770062,0.6891358899036935,TournamentSelection,6,97.06615244081453,26.847899112762487
41,2026-06-19T07:40:19.372115+00:00,61.868011145817356,1.0,15.833230774112979,500,500,15,EliteGeometricEliminator,17,0.08123377388824422,0.7106806015762295,0.9999967286373395,1,0.18672196602897945,0.5432476518225661,19,0.9,0.6763596009147096,0.9999972080838045,0.34407304654058224,0.1,0.25363585991500537,0.5993216357259874,0.3367909304523736,0.6267776354934208,0.6889077594211587,0.7381995918173393,4,0.2731703882001043,0.2388676049781708,6,0.4771423780733124,0.5324916724820343,TournamentSelection,3,96.40117930035777,27.33484299127694
42,2026-06-19T07:56:12.237344+00:00,62.15688406164659,1.8570228500502182,14.169108815920325,500,8000,3,EliteGeometricEliminator,16,0.3687292242999011,0.19650891073148563,0.999996346896492,2,0.23224846329659699,0.6208740921650312,16,0.7139245081218276,0.93401501197354,0.9999976961524119,0.47662384364696553,0.1,0.828996334965426,0.7353777216676881,0.1419660205183574,0.6270883147830407,0.7048490700994512,0.4951354996706079,3,0.6745944402036043,0.725914324046853,5,0.714693323555036,0.17200352774780392,TournamentSelection,6,97.13428879993022,27.179479323362962
43,2026-06-19T07:56:47.636807+00:00,65.09671656054553,1.3317490548727104,12.200579025423865,50,2000,3,EliteGeometricEliminator,8,0.1851187536895889,0.2398142064392885,0.9999957588223835,3,0.46869764916002266,0.520426286054411,11,0.8077356612305335,0.3846451217635726,0.9999986414566642,0.5332316570519842,0.1,0.7335963869845943,0.666903371698068,0.14884522096463512,0.6326423016526902,0.7459165008616567,0.4995513592808435,3,0.775457117812156,0.977999292946284,5,0.8931402444443187,0.5106237292535984,TournamentSelection,3,102.41395310865866,27.779480012432398
44,2026-06-19T08:06:39.685530+00:00,65.01137378545089,1.0,12.297345048432822,1000,2000,8,EliteEliminator,3,0.47727472941581867,0.5857731515068219,1.0,6,0.8423565754694897,0.3109074168231074,14,0.5720612027402306,0.49576391348649107,0.9999924463994722,0.4724731020287085,0.1,0.8283788945638905,0.6498360527855669,0.1458333529906376,0.6353889738771072,0.7854774883225007,0.7717139367704743,3,0.4523668253825296,0.3204735808531702,5,0.4317632343053348,0.496070577468418,TournamentSelection,6,101.87146731250746,28.151280258394312
45,2026-06-19T08:09:21.586122+00:00,61.34499364521113,1.5762247823336981,5.099391361893208,500,2000,14,EliteGeometricEliminator,20,0.30484912092353544,0.24977381377955754,0.999992241201752,4,0.7174022300463804,0.6448114218927418,11,0.5232868096362189,0.48303141062383415,0.9999938409978031,0.5563203440629175,0.295333630579793,0.6754808407018229,0.6364230945294641,0.14580490068671806,0.5300548220695153,0.3247835071559011,0.666233443273611,4,0.4338742083897781,0.9818160842770797,3,0.45290804015768427,0.962142402090807,TournamentSelection,2,95.22098685024574,27.469000440176536
46,2026-06-19T08:11:10.869885+00:00,61.66762280941604,1.4805679629260229,5.780569725347731,200,2000,11,EliteEliminator,1,0.17318040586609906,0.724792821503481,0.9999952124584403,7,0.27227215286448525,0.3236842715168884,13,0.8072118450936241,0.3292100236062955,0.9999908270739849,0.20707650401206373,0.1,0.9169983647383679,0.767590297772705,0.5382710351945289,0.6055632591473841,0.3436987954943661,0.7343598686402995,8,0.49624780741952856,0.1,5,0.18945227824479902,0.4161691271620769,TournamentSelection,3,97.0899870879647,26.24525853086737
47,2026-06-19T10:03:32.472281+00:00,63.32254810578378,1.2854165443021084,13.316838340077087,5000,5000,10,EliteGeometricEliminator,14,0.20889972729343098,0.12987051975771396,0.9999906668171724,4,0.39882058305195967,0.7739560989352576,8,0.7534141033564493,0.3793519120769435,0.9999945746335848,0.3735592096465763,0.1,0.7896565353112355,0.6496664325316792,0.19796341479982438,0.6268710058319595,0.6760388943020734,0.27916466831784625,3,0.36778672609688046,0.8153690386712713,5,0.7628843801754609,0.851958990773099,TournamentSelection,5,99.67413812371267,26.97095808785489
48,2026-06-19T10:16:26.259760+00:00,65.25763014778377,1.1892404359284359,17.186877768414305,1000,2000,6,EliteEliminator,1,0.18708674138934067,0.780208189392824,0.9999986314300369,5,0.640171303755052,0.9036244052237864,13,0.1012958449683767,0.4046628912630126,0.9999974158992908,0.7616741176033304,0.1,0.7956643037250594,0.7407938087906232,0.2135661586548705,0.6183819252462923,0.6881462796645352,0.21529103040103523,3,0.671797394797442,0.6028307920104063,5,0.7302278149379439,0.9894017016317751,TournamentSelection,4,103.02833074413167,27.486929551435885
49,2026-06-19T10:17:59.219596+00:00,61.83790281198459,1.3351738002226918,3.7811181915989343,200,2000,29,EliteEliminator,1,0.3242606969503846,0.4383535591567973,0.9999952150547801,5,0.4352912618095385,0.39419288474054803,7,0.22315989181163365,0.5387461379227619,0.9999984189783608,0.4321822887565344,0.1,0.43189792701049823,0.7613424120646797,0.2384258932494159,0.6290902039445913,0.6909569807859525,0.3064263089725823,3,0.5062966617215361,0.2934206854937461,5,0.5293801729212865,0.3542840078226117,TournamentSelection,4,96.75338070033871,26.922424923630466
50,2026-06-19T10:21:13.114971+00:00,61.99272266624461,1.1606694861707514,13.071583771429456,500,2000,10,EliteGeometricEliminator,1,0.4157145401072105,0.6903433802318583,0.999990640415926,9,0.4876357579093694,0.7198908551284984,17,0.852900023545638,0.7211316645676743,0.9999992343336087,0.4841022539298062,0.1,0.25389074860053595,0.6696170508673842,0.23429255610703303,0.6123920865028903,0.6703987695664184,0.300456343310346,2,0.5345718025391479,0.3126242530533272,5,0.5622806924110549,0.6567136547137046,TournamentSelection,4,96.69464596735935,27.290799365129867
51,2026-06-19T10:21:55.399630+00:00,64.2428063611904,1.6251407294825424,14.549187944626933,50,2000,17,EliteEliminator,7,0.14051428254249754,0.2415985098892386,0.9999990517974318,4,0.4118939656706623,0.6370548888084502,11,0.4513870130874851,0.38114380412854476,0.9999935014996281,0.6615804878264141,0.1,0.8901555982973659,0.6513894298125185,0.21915242665766133,0.6439107699251702,0.7313898109302949,0.4815828021235019,5,0.6187037421879358,0.6324749291580897,5,0.753550628642876,0.7057072759671759,TournamentSelection,4,102.36268708726685,26.122925635113965
52,2026-06-19T12:59:46.853829+00:00,62.42344218947001,1.5609713960929006,11.634335124084423,5000,2000,15,EliteGeometricEliminator,13,0.38298895203283007,0.9036384374616919,0.9999993864051132,8,0.5269856638582849,0.9899079490165635,20,0.41943539881961944,0.7104716063433122,0.9999981491523504,0.3926625489764023,0.10798014335474089,0.44224392528721146,0.25632203479525817,0.4298704455990121,0.49842268325846306,0.2364448552300365,0.38858060506987113,5,0.5554571269966795,0.514534979571925,5,0.4058205994950196,0.5083327647516912,TournamentSelection,5,98.21908578085491,26.627798598085104
53,2026-06-19T13:07:35.490706+00:00,60.28230679172319,1.4483809528968414,10.997503650570536,1000,2000,21,EliteGeometricEliminator,18,0.17288350919467685,0.8264253440850214,0.9999995822317915,3,0.1991206401920927,0.9273536462482099,5,0.8294194920852654,0.5447940610195262,0.9999996610992856,0.3668956775183937,0.10702265695306712,0.5632166344984931,0.6494672567581121,0.2993898905378165,0.5247682940142646,0.6821629950914446,0.8214768967623202,4,0.7434199037444782,0.5205609535855704,7,0.7782602909865483,0.2895758231566068,TournamentSelection,4,94.07502642519475,26.489587158251616
54,2026-06-19T13:51:45.309726+00:00,63.26575064287826,8.757636918027407,8.939793329711872,5000,2000,16,EliteEliminator,1,0.48210806088392194,0.6131093887632015,0.999996319015319,2,0.7400839735868213,0.12329238158136169,17,0.5032120265677202,0.45026221012142387,0.9999935681484327,0.38267239973509826,0.1,0.8105522077161902,0.8,0.21117456338257107,0.5913501289667148,0.1256332711112757,0.3680413424144169,4,0.5475086204548884,0.8092271626627883,5,0.4459681343737577,0.6474738397469428,TournamentSelection,5,99.0736847809848,27.457816504771717
55,2026-06-19T14:33:02.792715+00:00,62.939405540393054,3.904806974110395,14.59991547610693,5000,2000,15,EliteGeometricEliminator,12,0.0850769334075902,0.2105606989624561,0.9999979815097546,1,0.21516582026094475,0.20662227025934585,10,0.18020080454562662,0.4732581527835279,0.9999910527120475,0.41207167387974397,0.1767743136860755,1.0,0.6986296581604114,0.21703403308919667,0.5926434705828841,0.7729654881981021,0.9926960006650908,5,0.24264771865876078,0.8231643394905898,5,0.29042534850006274,0.3300118449844497,TournamentSelection,4,99.49252071176244,26.386290369023673
56,2026-06-19T14:33:51.704051+00:00,62.36902003632829,1.0,15.062481369608701,50,2000,28,EliteEliminator,1,0.3192190767799072,0.13376040140578482,0.9999983677517017,1,0.5055665916407649,0.9885709284676432,12,0.6294263687904957,0.6170177288331249,0.9999919450390092,0.46054321643018037,0.1,0.5185336116856103,0.34613812778678205,0.6371925180266734,0.5386297575092693,0.8339767966604595,0.15547926583535157,2,0.7372676137272101,0.6648074998647233,5,0.7460003132630415,0.8432464217184135,TournamentSelection,6,98.33659843387221,26.40144163878436
57,2026-06-19T14:36:59.877517+00:00,61.04881282261064,3.446418409183217,13.124486486546488,500,2000,16,EliteGeometricEliminator,3,0.2697799871636721,0.39909265564917995,0.9999988992119003,4,0.6560317674011931,0.12194753734891685,17,0.7908082217361767,0.3061192025026479,0.9999951278815734,0.6264441843173384,0.1,0.5231168030193706,0.7039705209814875,0.21006476856064366,0.5931973338200717,0.7128883009987187,0.500144120533818,4,0.5290574920267487,0.26248202288573996,5,0.15013792177959212,0.8919889139065844,TournamentSelection,4,96.93836031428461,25.15926533093667
58,2026-06-19T14:54:48.151512+00:00,62.15858138830056,1.0,17.444130985394203,1000,5000,6,EliteGeometricEliminator,16,0.30875964719367954,0.4931444300436715,0.9999984055265824,8,0.41435917116483945,0.11635988267385744,5,0.6173980047520897,0.8214911909781234,0.9999909432914897,0.6713352428008164,0.6665546140268712,0.8338483294913389,0.5186387542444422,0.1379160932049867,0.6971752716069899,0.8759916787149912,0.401624076131052,3,0.8504763072800752,0.8665708305957023,5,0.9,0.1,TournamentSelection,2,97.59211857395948,26.725044202641634
59,2026-06-19T14:55:27.094483+00:00,61.47445198215061,2.0303728938032095,14.710130668477676,50,2000,10,EliteGeometricEliminator,19,0.21917821189072562,0.40406827868945394,0.9999982155135462,6,0.8521090173739392,0.14389837478207462,6,0.6591830399012351,0.1,0.9999981921562532,0.3754900589626943,0.1,0.9787073073706124,0.4519870274487452,0.32543851872652835,0.8289023206838219,0.8240987736159687,0.48825332053018455,3,0.5511266057283039,0.9035211470345352,5,0.6223931820410488,0.4911430087712021,TournamentSelection,6,96.3106412200785,26.638262744222725
60,2026-06-19T15:07:35.175801+00:00,64.66767617049918,1.0,8.61609304863461,500,5000,26,EliteEliminator,7,0.20759870221895033,0.5500924339973101,0.9999947605736819,2,0.8939439567450157,0.23271967131868063,13,0.6707801286372935,0.5526206384401348,0.999993556118545,0.6301917942715138,0.18806445353687906,0.8637497340520075,0.6447137922023775,0.1,0.5225863637566115,0.9,0.3227186083110708,6,0.5054366553322693,0.5382532735547801,7,0.6016589672139461,0.269798762182503,TournamentSelection,3,101.11076276735119,28.224589573647165
61,2026-06-19T15:12:54.001023+00:00,66.04445026735866,1.0,18.11253232652655,500,2000,12,EliteGeometricEliminator,4,0.12811550407412803,0.1,0.999995631585269,3,0.6444670657792659,0.48644537683028954,10,0.11512546703383376,0.4391824977349619,0.9999934852606127,0.49878779068024925,0.9127243113070241,1.0,0.6635309731569777,0.20503729880995752,0.7544726961182106,0.41860198230301304,0.7129266133020202,6,0.21128236934033423,0.4136167756033774,4,0.9,0.26161802437860915,TournamentSelection,2,104.01697957990419,28.071920954813127
62,2026-06-19T15:13:32.262369+00:00,62.895004366491186,1.0,5.939638521815125,50,2000,23,EliteGeometricEliminator,3,0.21076081736167307,0.1,0.999993246121683,1,0.6436735830454384,0.5183868944097171,15,0.623367486135592,0.405480017770525,0.9999964759476726,0.14694862598266234,0.7087874760842668,1.0,0.6058585547714913,0.1670544256156697,0.7506203898287501,0.3980544006405784,0.7445856709449216,5,0.20311050575682799,0.4813846349973896,4,0.9,0.12058016866007888,TournamentSelection,5,98.36907022293778,27.420938510044593
63,2026-06-19T16:04:20.217852+00:00,62.95339985000628,1.0,17.814345645229448,5000,2000,23,EliteEliminator,6,0.12409930570447912,0.5120814188007294,0.9999935489506712,7,0.7938403642535533,0.32385556047538344,15,0.34263711122229457,0.6538163769180317,0.9999957279398654,0.39363522997311595,0.18516705557548513,1.0,0.7238798719210654,0.2257496870432736,0.7069355395876833,0.4132580005192442,0.8759001795856064,4,0.24127019290962615,0.4909732702846251,5,0.9,0.29981577406804477,TournamentSelection,2,99.21452403057165,26.69227566944091
64,2026-06-19T17:59:28.920983+00:00,63.966446210405906,1.0,15.098032211390473,5000,8000,4,EliteGeometricEliminator,5,0.10911671816073337,0.1,0.9999973770468932,1,0.5543486736487462,0.957057653435758,11,0.1,0.27132144286360027,0.9999945145172078,0.38152110441939524,0.3233136751822522,1.0,0.6573748448586829,0.22588070018975992,0.9209525067783401,0.6312151306089036,0.5493223863947162,5,0.32583570865220357,0.7292122238156008,5,0.9,0.1,TournamentSelection,2,100.76062284055246,27.172269580259346
65,2026-06-19T18:12:00.162298+00:00,64.0447539530776,1.0,19.419889525141073,1000,2000,12,EliteEliminator,10,0.3368622498607923,0.7550459058822031,0.9999974526888327,2,0.43316967355169267,0.8323787170167458,14,0.8091959803891522,0.27623662670339455,0.9999906613439736,0.7612809577041555,0.30873826888503064,0.15139708854247025,0.6461791967537918,0.1,0.5067503704054586,0.9,0.7124474678782566,8,0.3303927405099629,0.710274412046843,7,0.5894360889244159,0.6597244859382733,TournamentSelection,5,101.68365125133163,26.40585665482359
66,2026-06-19T18:20:24.728816+00:00,61.32223068848525,1.0,10.979459651684486,500,5000,13,EliteGeometricEliminator,4,0.2142944511180317,0.3088364279841378,0.9999951974418432,1,0.20802848132296675,0.5972619880694812,5,0.8182338942722015,0.7975347278436153,0.9999991086877016,0.7996452268405835,0.20902887852160718,1.0,0.6322095812792874,0.1,0.785820810403257,0.9,0.22864492957129265,7,0.5674823208501697,0.5213626976084206,3,0.9,0.9155949464352398,TournamentSelection,2,96.01222592110751,26.63223545586298
67,2026-06-19T18:21:43.455289+00:00,61.64803868153018,2.3839092954099383,9.509003666702629,50,5000,12,EliteEliminator,5,0.41803876607264145,0.7336983346104502,0.9999980488461268,8,0.18077154456179254,0.1317405704131459,7,0.6003446826834047,0.4333836615730031,0.99999,0.6145588421576287,0.4500658882050502,0.4196499092165792,0.7945884131397031,0.7739973784364635,0.5502134198928081,0.6662747568363326,0.5327662556837005,2,0.6465904625849286,0.5410713282162647,5,0.5041687154900346,0.8184239259350643,TournamentSelection,4,96.85743343925141,26.43864392380896
68,2026-06-19T18:24:39.534723+00:00,63.16114312365141,4.471889185721677,8.141096698826235,500,2000,29,EliteGeometricEliminator,1,0.49379420760189263,0.4754849310886874,0.9999905839918843,2,0.38182246465083247,0.5574938013134204,7,0.21264600448238044,0.9658573444077694,0.9999924267256868,0.48798181211018965,0.13093014730044383,0.2973906962655573,0.7146296687885196,0.1,0.8063756494646168,0.48746658904823326,0.8228167317681616,2,0.32465233686004763,0.9552436626476875,4,0.9,0.3619500903738756,TournamentSelection,5,100.68022156855295,25.642064678749858
69,2026-06-19T20:31:09.585369+00:00,64.13895304547721,11.557554964418358,17.325970468329473,500,2000,8,EliteGeometricEliminator,1,0.48299081014580336,0.1,0.9999930141985257,4,0.8830586408548464,0.5267870296818818,16,0.367375205614879,0.12004352817770317,0.9999921793922945,0.4425376287848998,0.5699122057877603,0.5290165390808748,0.3837068719488437,0.24454644002357864,0.6032965288147072,0.5841937840721593,0.6629399423638493,4,0.6253774762749125,0.8520780229343707,3,0.9,0.8526051676558148,TournamentSelection,3,102.91724054935266,25.360665541601772
70,2026-06-19T20:32:52.239758+00:00,62.68648814572103,1.0,19.11774476748362,500,500,22,EliteEliminator,1,0.194646560655023,0.7464385024701045,0.9999980064129265,2,0.11557630517875955,0.9313086705489666,17,0.5815260443184732,0.1,0.99999,0.5531433904594127,0.4019580954762527,1.0,0.261013897245312,0.1,0.6406619572229132,0.5327626658718365,0.3508933383290078,5,0.6776820914672321,0.3237879010309787,5,0.9,0.408066718920008,TournamentSelection,6,98.83079102331787,26.542185268124186
71,2026-06-19T20:38:32.520915+00:00,63.867725808866524,1.0,14.92600067464893,500,2000,8,EliteEliminator,6,0.40483177587893443,0.6077907351106024,0.9999902385713348,6,0.19544815846651292,0.2886331149266452,15,0.304990285094458,0.2919961663312506,0.9999907808705907,0.6067328790520592,0.23948512118083332,0.24843046372779085,0.7142023363776658,0.15031709141305122,0.5338455717464556,0.2944328747695758,0.485145231402326,2,0.7240709959502895,0.8018548976701694,3,0.4303048749593076,0.6523641009093147,TournamentSelection,5,100.53353470691674,27.2019169108163
72,2026-06-19T20:43:11.647751+00:00,64.16884573557869,11.246950436654135,6.870096493958986,500,2000,1,EliteGeometricEliminator,1,0.11041660711282389,0.1,0.9999921387403553,3,0.2599399015298849,0.8078431167562242,19,0.21888631169338602,0.26485093937274734,0.9999935355501145,0.5511113257856111,0.37340629002301406,0.7621683531040025,0.7376939412326504,0.17676593229699325,0.7302930781794273,0.8949680667457133,0.33293864014191604,8,0.8558399325363151,0.20728013900643993,7,0.9,0.6641974938980855,TournamentSelection,4,101.38829679464935,26.949394676508025
73,2026-06-19T23:32:50.614051+00:00,61.248483713043186,1.0,14.885969952266239,5000,2000,6,EliteGeometricEliminator,1,0.44295044956793855,0.1,0.9999973528803118,6,0.6816882328851162,0.7807862732894458,13,0.8445493380842934,0.6608884600433377,0.99999,0.2214703412074931,0.2102210086084501,0.4871380481830382,0.18748756828246993,0.3424582731404062,0.48549374150633307,0.9,0.2419476760038003,5,0.8431140615173905,0.4268166161462006,4,0.5748126903894817,0.1,TournamentSelection,5,95.82694473799012,26.67002268809626
74,2026-06-19T23:42:14.045820+00:00,65.92081683269375,1.0,16.240038070949566,1000,2000,21,EliteEliminator,3,0.35074068154816823,0.5248905795273077,0.9999992835438466,6,0.6482506288107469,0.8524153427716207,17,0.3154650121520273,0.25247880479156515,0.9999932135034887,0.5080270576038293,0.34697108219188844,0.9436187104673852,0.7563931676551674,0.1360622848930667,0.625794715588679,0.6462469527415841,0.414683110912603,3,0.24547848763325522,0.6474261847319658,7,0.858253489363879,0.3509013022635713,TournamentSelection,5,104.22079395732895,27.62083970805855
75,2026-06-19T23:52:23.941659+00:00,63.650672861440285,10.125642307857646,16.842326753211328,1000,2000,5,EliteEliminator,4,0.48159046139621275,0.33966213313393034,0.99999916420041,9,0.4428284810793316,0.18016270323758776,18,0.17816289289290943,0.27523415676884994,0.999993177514964,0.6846897322899625,0.19825977117503235,0.33472823971379484,0.7574391452276862,0.1266923188989983,0.6246237910082537,0.6558095399405104,0.11960651337065795,2,0.1940107277403392,0.761990122573884,6,0.849594133475475,0.3026772476831684,TournamentSelection,5,101.24218931916181,26.059156403718763
76,2026-06-19T23:58:06.281771+00:00,64.32629900281161,1.0,18.248671729554662,500,2000,5,EliteEliminator,2,0.1660472851045433,0.1,0.9999993364631612,1,0.6209075223085356,0.8455891208539462,5,0.1,0.2092229904189624,0.9999940212253594,0.8,0.19379657669465228,1.0,0.730201439645545,0.1,0.5741062389381036,0.9,0.25899351700429285,5,0.6758248580221105,0.440138775491717,6,0.8252462269888484,0.35270603939181233,TournamentSelection,6,100.69129096772153,27.961307037901683
78,2026-06-20T00:05:36.146495+00:00,60.97092656158135,1.0,2.0,1000,2000,30,EliteEliminator,1,0.14453535377393756,0.95,0.99999,1,0.8680276635489912,0.7638400519819438,9,0.8317043815933496,0.1,0.9999900592314048,0.7923726082595819,0.8357505341332232,0.7522273723103389,0.8,0.1,0.8577098131625135,0.9,1.0,3,0.1,1.0,8,0.8781360497165288,1.0,TournamentSelection,5,96.17722687945162,25.764626243711085
79,2026-06-20T00:53:41.016428+00:00,65.97235233503756,1.0,16.32669850139934,5000,2000,20,EliteEliminator,1,0.4397705424858733,0.5276165474321862,0.9999966666796972,5,0.13950497595196687,0.8007621927061178,19,0.34381368772633764,0.11090104324273506,0.999994719048997,0.10090648637663799,0.10075751320834447,0.6154701259193375,0.6715955343951937,0.1,0.5323152899626126,0.6915263660303408,0.298895210601707,5,0.2200034780601335,0.46257809656435467,7,0.5795156399442769,0.9716713174946582,TournamentSelection,5,103.86744324816428,28.077261421910837
80,2026-06-20T00:58:20.514342+00:00,65.32996691483618,1.0,16.94969581108445,500,2000,24,EliteEliminator,1,0.1048982733989236,0.5386790280745469,0.9999963777883853,5,0.373885151284704,0.8220644806069503,16,0.26222543575491514,0.322831658399374,0.9999906439195883,0.5568253024976026,0.7934366054589587,0.7580477512387496,0.6729838775023665,0.1,0.5327995621186266,0.6888445396695256,0.3332143103488147,4,0.35687703847864294,0.6375224034181995,5,0.6037896436459638,0.5224770404426663,TournamentSelection,5,104.44847299121821,26.21146083845415
81,2026-06-20T01:48:48.442624+00:00,64.55624042033695,1.0,14.662878563543893,5000,2000,27,EliteEliminator,8,0.49716633860863324,0.4454640085744459,0.9999969811800408,1,0.4070465970844288,0.8756176724277153,10,0.8691483754927696,0.22859171931727112,0.9999908657005697,0.11711070492830299,0.36185934848582046,0.47533211954078736,0.6388868498047594,0.1,0.5629061163796077,0.7276692243607086,0.5787388109488478,3,0.7394449529112779,0.8803160350820958,5,0.33191924047208043,0.41594701374314136,TournamentSelection,5,102.11953206957324,26.992948771100657
82,2026-06-20T01:57:13.338389+00:00,65.32004892872656,1.0,13.169366727442663,1000,2000,6,EliteEliminator,1,0.40086315132646383,0.48201295109992615,0.9999921027922456,8,0.2503816926879676,0.2682819834530782,20,0.1,0.6794901068958878,0.9999983414993702,0.583308662871919,0.5709338602141075,0.8926753804331098,0.6726828671685492,0.1,0.5654709686931514,0.7274631309946649,0.8550331554550425,2,0.5089946667155245,0.6382838627422708,5,0.5660744396612728,0.2781537894023551,TournamentSelection,5,103.4901451315567,27.14995272589643
83,2026-06-20T03:30:59.420420+00:00,64.58710055589984,1.0,18.15439605748916,5000,5000,2,EliteEliminator,18,0.4596795740335163,0.4796672729032482,0.999997852229831,5,0.2528823785312978,0.12302160818495314,9,0.8926267839767799,0.10110368087805295,0.9999948849689597,0.1,0.3723453286782836,0.8640226346338555,0.6692229821557768,0.16112664765434376,0.25151191512482063,0.3314211701322136,0.19213493923549013,7,0.5721236815531093,0.6728880347027667,7,0.47848928000001256,0.7161498553837513,TournamentSelection,3,102.21410538778547,26.9600957240142
84,2026-06-20T03:34:29.675852+00:00,61.68095011229484,1.0471449101814065,2.0,500,2000,22,EliteEliminator,2,0.08640612275217634,0.4429041206398737,0.9999990045157618,2,0.8725082159649954,0.6058633557293897,20,0.3311988044212544,0.8101425902239486,0.9999927482464372,0.7417289927229878,0.6333058512665037,0.7178370312159128,0.587848820692545,0.7760717371104341,0.27416351026215985,0.2317787977697533,0.7411364298999219,2,0.6611317100397953,0.7394846066524648,7,0.3519979734616355,0.4855055895334369,TournamentSelection,6,97.3487834057041,26.013116818885578
85,2026-06-20T03:39:28.772443+00:00,63.14584321351624,1.0,15.289930134640327,500,2000,12,EliteEliminator,1,0.4197733085053858,0.5771098283435715,0.9999980662834764,9,0.5545651186789169,0.6328274115249248,16,0.198769351843403,0.21799759475409577,0.9999984368136499,0.2162310847573537,0.5559541854708262,0.6862420310273379,0.7137457166804344,0.1,0.4718679254237489,0.6944534994708041,0.3996075532989187,5,0.49577059268849455,0.11371426973030485,4,0.7918045728392658,1.0,TournamentSelection,3,99.26075142249925,27.03093500453322
86,2026-06-20T03:40:09.136841+00:00,61.54431916655949,1.0,18.801165425461537,50,2000,8,EliteEliminator,5,0.3120658798023775,0.5827076075058486,0.9999955718484519,6,0.2800809909473667,0.48648641556978267,10,0.7381090057075222,0.27476561505539443,0.999999133074578,0.4885628594414778,0.1,1.0,0.665905525519264,0.1,0.5883414741262551,0.9,0.718187426548903,4,0.3375284805856813,0.2932832104953787,8,0.710865926159273,0.18321482098876635,TournamentSelection,5,95.68291640121441,27.405721931904566
87,2026-06-20T03:49:02.212773+00:00,64.60448832920255,1.3693807471885873,14.53971548562828,1000,2000,14,EliteGeometricEliminator,1,0.06440225802704318,0.6680230148083731,0.9999928232944458,1,0.6040562012666223,0.5176089473276221,11,0.4443975273097538,0.6693755017495951,0.9999915693057868,0.601982656210127,0.19543319890509128,0.6244987953919479,0.5395832319339949,0.28263899429768313,0.7302759661246623,0.5235177171905651,0.27114310588295365,4,0.6308635300497418,0.3725588694590949,8,0.9,0.2280083403993449,TournamentSelection,3,101.42675542789327,27.782221230511826
88,2026-06-20T04:11:31.947562+00:00,64.97365636420886,1.0,13.478162207324733,1000,5000,26,EliteEliminator,5,0.3325729357842722,0.3272469651870301,0.9999936963196322,1,0.29850694312359627,0.4054895066282451,11,0.2543753091185341,0.4461412226701579,0.9999948784329985,0.6573513606518692,0.6859794455786072,0.5883876821385122,0.6796300378447063,0.16232289661488117,0.555572302536712,0.6845276299571414,0.9397471958725011,7,0.7062613888770078,0.5609812032607565,7,0.5766025495933284,0.8284547179600361,TournamentSelection,6,103.72035196862946,26.226960759788263
89,2026-06-20T04:15:34.450127+00:00,62.46776263798314,1.2620745758993848,10.385498747761664,500,2000,28,EliteGeometricEliminator,1,0.19373188200996316,0.1,0.9999991629716206,7,0.7038800522944141,0.35863023933929894,16,0.2377175603858622,0.4110308308154986,0.9999912062778235,0.5263444477053714,0.722478682149086,0.9590137534322315,0.5685186546585251,0.29436805944410555,0.8340941420798877,0.47395477670224706,0.8948811077318936,3,0.10437331023850178,0.3296587137807986,2,0.9,0.44428921776337915,TournamentSelection,2,96.78083826074399,28.15468701522229
90,2026-06-20T04:20:01.778179+00:00,63.99659970214574,1.0,20.0,500,2000,21,EliteEliminator,1,0.24553781470675579,0.40076136985759236,0.9999971476879674,2,0.48634522251104095,0.6172390988576484,16,0.33665481257547314,0.36209844284127835,0.9999944534848608,0.4629096244825006,0.24677489505672165,0.9103113020955063,0.8,0.1,0.5622744609967191,0.7328895587246027,0.24425118094883116,4,0.5565796841281084,0.5058882768994365,6,0.6906451333903523,0.6011392052073885,TournamentSelection,5,101.82190934621183,26.171290058079645
91,2026-06-20T04:23:21.125572+00:00,63.387121678034056,2.501894058282101,20.0,500,2000,5,EliteGeometricEliminator,1,0.30324713157585,0.7773181925878418,0.9999931656240513,7,0.23807528611692177,0.7874565665793337,19,0.4911529342486183,0.29777585423684727,0.9999935790606689,0.1015371742142186,0.3575963840739862,0.6871511661341472,0.7333631158992551,0.2007770608861454,0.7511794368353082,0.4581674729867502,0.5856368452218793,6,0.14030299169062982,0.4140577529495496,4,0.9,0.1394535292565588,TournamentSelection,4,100.53735918915397,26.23688416691414
92,2026-06-20T04:27:54.367218+00:00,64.04982209458045,1.0,17.448380806411834,500,2000,8,EliteEliminator,7,0.24887551849598594,0.2588740387583425,0.9999972534649366,4,0.40338094164520677,0.6226117682880258,14,0.19519703263734506,0.3169873650865474,0.9999935211874801,0.5453064330532806,0.643876271206758,0.7543981466899186,0.6162721522197625,0.10479463603599574,0.4785226761582806,0.6587935749896637,0.542032713955435,4,0.34039981513600415,0.5470083803315821,5,0.5512691973944075,0.30390502619760673,TournamentSelection,4,101.4537469750998,26.64589721406109
93,2026-06-20T04:45:32.926500+00:00,62.89871825018571,1.0,6.035055612444177,1000,5000,18,EliteEliminator,5,0.2521005524988802,0.47773600747473943,0.9999976208317525,10,0.8221802257170697,0.2448908920266733,8,0.2476173346862679,0.6250339321235472,0.9999985587755817,0.14792089744395354,0.1627352662224632,0.6816254381847016,0.7039655731159467,0.13565162162025332,0.6362989268034143,0.7955961731927421,0.4056061390507911,3,0.7008730064127204,0.6548260607082506,7,0.4191735810806211,0.19545494373526262,TournamentSelection,5,97.65623063307991,28.14120586729151
94,2026-06-20T04:55:45.749721+00:00,63.69296577015032,2.8184785590254187,14.694787840343162,500,5000,13,EliteGeometricEliminator,19,0.12483943597959114,0.7466270484195949,0.9999980138903155,4,0.13386111648956134,0.3928328154889812,11,0.7159313760946366,0.5655444154905832,0.9999969994874336,0.23995211526863572,0.27808214759591,0.9824796237899265,0.6852305083243568,0.3628137950058714,0.7689006883565628,0.46551183282250375,0.5680831284237312,5,0.1717538816577594,0.3642473181416994,4,0.5646820167758363,0.3360895566371366,TournamentSelection,5,101.6978387356342,25.688092804666432
95,2026-06-20T05:08:29.856169+00:00,64.39519601196416,1.0,14.098846610132393,1000,2000,24,EliteEliminator,11,0.1561900894232597,0.7371015211200667,0.9999925063422543,2,0.37555490056499674,0.31932981044044173,19,0.4505659410492282,0.1465934181501013,0.99999,0.4760668187253877,0.568409521552671,0.4928864310512717,0.6149697218265033,0.6465413001591146,0.5821130258873569,0.6449292521377504,0.40620709168643887,4,0.45290695830650807,0.1742998864720396,7,0.7036841797222941,0.5864705449904112,TournamentSelection,2,102.51090148704685,26.27949053688147
96,2026-06-20T05:14:53.465244+00:00,61.91798840595251,2.139882200195333,6.5166629551756,1000,2000,19,EliteGeometricEliminator,11,0.33819056301748907,0.1,0.999993330647595,3,0.779769707389077,0.28985740637104285,7,0.5027203054598993,0.8134348027975561,0.9999934668699673,0.29403455685057556,0.95,0.5661211618720333,0.6676609685050336,0.2093838065573869,0.775729877614354,0.17278868882788523,0.6195919273302943,3,0.5739510366715542,0.8885417796082581,5,0.7067675044846136,0.4139723416083073,TournamentSelection,5,98.1404533110157,25.69552350088931
97,2026-06-20T05:15:47.093864+00:00,62.93719901350745,3.0708738802583704,19.672212757799443,50,2000,15,EliteGeometricEliminator,15,0.14992164161063934,0.1,0.9999905363617669,1,0.8938919586458794,0.5336411887430983,10,0.7023662688241402,0.27969880996130553,0.999992036291897,0.7740820522412516,0.4021390080190216,0.65936805482138,0.6893403412649138,0.2177748278249635,0.8194964574409037,0.4809783243888638,0.7927554607812873,6,0.6049386252537927,0.22440399363708108,6,0.9,0.49610301359202313,TournamentSelection,4,99.67840149021754,26.19599653679737
99,2026-06-20T05:29:35.985944+00:00,61.66902759641847,1.6748280310805406,14.56547055497956,1000,2000,10,EliteEliminator,8,0.44053592583329154,0.6324777362285275,0.9999946445394677,5,0.19111695914786528,0.6395180102257739,8,0.5622426991039995,0.41757375548531517,0.999993832222534,0.4486879717340172,0.1,0.9781596985544236,0.7484655551426059,0.1,0.5553712406115985,0.7972040806022228,0.4900205252716713,5,0.6824263406073623,0.6368915968727584,5,0.658486276662326,0.7788595561747138,TournamentSelection,5,96.58920394926214,26.748851243574805
100,2026-06-20T05:36:51.300406+00:00,64.4211063700915,1.0,3.614710070131032,1000,2000,16,EliteEliminator,17,0.3529195803276838,0.6773622667633443,0.9999969813264666,3,0.5587972596947012,0.8300175210767464,17,0.2906533644244528,0.9183273262597248,0.9999928145699161,0.41602790308250304,0.10413363301525395,0.1708030698901704,0.6398746815493995,0.47911500059767664,0.5782689641660609,0.6505376953709019,0.26141401258829433,3,0.17530309173109337,0.23073405574867945,6,0.7414740707646946,0.6717311929215734,TournamentSelection,5,101.52450401708764,27.31770872309535
101,2026-06-20T05:50:07.377188+00:00,64.9470804651388,1.0,16.107543161717167,1000,2000,23,EliteEliminator,11,0.2564036814317692,0.73928040917657,0.9999997324254976,5,0.2657851178590547,1.0,18,0.3347180374985813,0.281284395993577,0.9999937746935479,0.6994956480562428,0.684090006948486,0.45333421897092707,0.640765599679298,0.17860584154119305,0.5951466266430947,0.6919632358511788,0.6900949632686717,7,0.8636073394721769,1.0,6,0.40692091497325833,0.5954788497260104,TournamentSelection,4,103.6858667293973,26.208294200880285
102,2026-06-20T06:12:01.115103+00:00,62.89905906014263,5.7275568244931225,16.85512242834168,1000,5000,5,EliteEliminator,1,0.23197153615892563,0.22608890178622645,0.9999936537339592,4,0.21905814665849174,0.9189333359599046,16,0.1,0.7841883804587695,0.9999928012624834,0.3445998800904173,0.30217789973156756,0.7200729441877203,0.6578541979156571,0.34881214277999373,0.6322341143569563,0.39109991704606484,0.1,6,0.47193558369965927,0.8986111362980771,5,0.1880456703315793,0.6310783329143049,TournamentSelection,6,98.75294677129321,27.045171348992064
103,2026-06-20T06:28:07.871587+00:00,62.596316697938164,1.0,18.700664186523756,500,5000,7,EliteEliminator,14,0.24815597663380312,0.9077882081926235,0.9999968672970038,4,0.8203377015082717,0.7808381509499538,19,0.4786485704120048,0.1,0.9999952316269598,0.32166661760401905,0.34167872787915965,0.2581062426100471,0.610138116032953,0.2903734535513799,0.6231410511047718,0.7830428072050215,0.7492880139233679,6,0.7305056176109218,0.9309789704365176,7,0.6615436460573243,0.1837687068693281,TournamentSelection,6,97.47916493094537,27.713468464930955
104,2026-06-20T06:31:24.279055+00:00,63.51033683142117,3.7776792534392474,11.381451472653756,200,5000,1,EliteGeometricEliminator,3,0.23304579589365365,0.24855739783052216,0.9999991946899711,1,0.26972892488767186,0.7116161458224659,10,0.1,0.5971331488341141,0.9999930123734859,0.5874202372921636,0.9128238551386458,0.22629869532678878,0.6404541745869364,0.337741808248317,0.7659234962057961,0.47543013457545025,0.5740183951330631,7,0.45886167743803774,0.22288079140715505,4,0.6939987464946782,0.27970849162540684,TournamentSelection,3,100.58619537007871,26.43447829276363
105,2026-06-20T06:33:44.154406+00:00,63.16009239851883,1.0,12.872831032485134,1000,500,1,EliteEliminator,1,0.2510283833437233,0.4482035746116153,0.9999962489886479,1,0.1,0.1,5,0.1,0.2589457762815027,0.99999,0.5925198329504395,0.17812294983697258,1.0,0.2740418435906923,0.1,0.1,0.1,0.2588023536754225,7,0.7953241072981058,0.18090242483301483,4,0.9,0.1,TournamentSelection,5,99.73604638178902,26.58413841524864
106,2026-06-20T07:58:54.565484+00:00,63.40257633672767,1.0,18.357073904088285,5000,5000,4,EliteEliminator,1,0.22865311686568202,0.5959291591751977,0.9999950896329214,1,0.7727206799944908,0.5094219928377347,20,0.1,0.13576067646843737,0.99999,0.7895439406960224,0.7103502283358679,0.79628989134126,0.6571370813698498,0.1,0.5526902133452106,0.6504179957861511,0.1,3,0.3931462643935487,0.8501806318308258,2,0.8000101066987576,0.3453377561611769,TournamentSelection,4,100.13811051162466,26.667042161830675
